[{"model": "contenttypes.contenttype", "pk": 1, "fields": {"app_label": "admin", "model": "logentry"}}, {"model": "contenttypes.contenttype", "pk": 2, "fields": {"app_label": "auth", "model": "permission"}}, {"model": "contenttypes.contenttype", "pk": 3, "fields": {"app_label": "auth", "model": "group"}}, {"model": "contenttypes.contenttype", "pk": 4, "fields": {"app_label": "contenttypes", "model": "contenttype"}}, {"model": "contenttypes.contenttype", "pk": 5, "fields": {"app_label": "sessions", "model": "session"}}, {"model": "contenttypes.contenttype", "pk": 6, "fields": {"app_label": "categories", "model": "category"}}, {"model": "contenttypes.contenttype", "pk": 7, "fields": {"app_label": "userpage", "model": "user"}}, {"model": "contenttypes.contenttype", "pk": 8, "fields": {"app_label": "people", "model": "friendrequest"}}, {"model": "contenttypes.contenttype", "pk": 9, "fields": {"app_label": "comments", "model": "comment"}}, {"model": "contenttypes.contenttype", "pk": 10, "fields": {"app_label": "comments", "model": "reply"}}, {"model": "contenttypes.contenttype", "pk": 11, "fields": {"app_label": "social", "model": "chatbox"}}, {"model": "contenttypes.contenttype", "pk": 12, "fields": {"app_label": "social", "model": "chatgroup"}}, {"model": "contenttypes.contenttype", "pk": 13, "fields": {"app_label": "social", "model": "groupmessage"}}, {"model": "contenttypes.contenttype", "pk": 14, "fields": {"app_label": "social", "model": "grouprequest"}}, {"model": "contenttypes.contenttype", "pk": 15, "fields": {"app_label": "social", "model": "message"}}, {"model": "contenttypes.contenttype", "pk": 16, "fields": {"app_label": "production", "model": "todo"}}, {"model": "contenttypes.contenttype", "pk": 17, "fields": {"app_label": "production", "model": "feedback"}}, {"model": "sessions.session", "pk": "0gbpyh4u2crxyr6hd52bcggf48v6bj55", "fields": {"session_data": "NjY4Yzc3ZGNmMjc1NjJkNmMxNmM3M2Q1ZTE4ZGUwNWI3YjQ1ZjVlYjp7Il9hdXRoX3VzZXJfaWQiOiIxIiwiX2F1dGhfdXNlcl9iYWNrZW5kIjoiZGphbmdvLmNvbnRyaWIuYXV0aC5iYWNrZW5kcy5Nb2RlbEJhY2tlbmQiLCJfYXV0aF91c2VyX2hhc2giOiIwNGY0NTQ1MzMwMzVlZGM5NmUwYjU4Y2UxNWNkNDYyOTViZjc3MWIxIn0=", "expire_date": "2020-08-13T09:43:39.476Z"}}, {"model": "sessions.session", "pk": "4ebdhlbgioroeybm3ce901564ncar4ym", "fields": {"session_data": "NTJhYzNhZDQ2OGY2MDQxYjM3OTkyNTM4MzFkMjU4MjQxMjhhMDVlNjp7Il9hdXRoX3VzZXJfaWQiOiIyIiwiX2F1dGhfdXNlcl9iYWNrZW5kIjoiZGphbmdvLmNvbnRyaWIuYXV0aC5iYWNrZW5kcy5Nb2RlbEJhY2tlbmQiLCJfYXV0aF91c2VyX2hhc2giOiI1ZWViMjI3YjZmODUxNTU0MjJhYzQ1YmI5ZWYzMDI2ZjM3ODIxODk5In0=", "expire_date": "2020-08-16T14:35:57.447Z"}}, {"model": "sessions.session", "pk": "5nbwrkt81zd3c5wr8i22igtm9xc3ezux", "fields": {"session_data": "NjY4Yzc3ZGNmMjc1NjJkNmMxNmM3M2Q1ZTE4ZGUwNWI3YjQ1ZjVlYjp7Il9hdXRoX3VzZXJfaWQiOiIxIiwiX2F1dGhfdXNlcl9iYWNrZW5kIjoiZGphbmdvLmNvbnRyaWIuYXV0aC5iYWNrZW5kcy5Nb2RlbEJhY2tlbmQiLCJfYXV0aF91c2VyX2hhc2giOiIwNGY0NTQ1MzMwMzVlZGM5NmUwYjU4Y2UxNWNkNDYyOTViZjc3MWIxIn0=", "expire_date": "2020-08-17T07:30:01.915Z"}}, {"model": "sessions.session", "pk": "7qmba6egombjhlewx9h1y3ka6p0on0z7", "fields": {"session_data": "NjY4Yzc3ZGNmMjc1NjJkNmMxNmM3M2Q1ZTE4ZGUwNWI3YjQ1ZjVlYjp7Il9hdXRoX3VzZXJfaWQiOiIxIiwiX2F1dGhfdXNlcl9iYWNrZW5kIjoiZGphbmdvLmNvbnRyaWIuYXV0aC5iYWNrZW5kcy5Nb2RlbEJhY2tlbmQiLCJfYXV0aF91c2VyX2hhc2giOiIwNGY0NTQ1MzMwMzVlZGM5NmUwYjU4Y2UxNWNkNDYyOTViZjc3MWIxIn0=", "expire_date": "2020-08-15T17:28:57.516Z"}}, {"model": "sessions.session", "pk": "bhlgzkcspvxscm58h31ds6jwfh4h3nml", "fields": {"session_data": "NjY4Yzc3ZGNmMjc1NjJkNmMxNmM3M2Q1ZTE4ZGUwNWI3YjQ1ZjVlYjp7Il9hdXRoX3VzZXJfaWQiOiIxIiwiX2F1dGhfdXNlcl9iYWNrZW5kIjoiZGphbmdvLmNvbnRyaWIuYXV0aC5iYWNrZW5kcy5Nb2RlbEJhY2tlbmQiLCJfYXV0aF91c2VyX2hhc2giOiIwNGY0NTQ1MzMwMzVlZGM5NmUwYjU4Y2UxNWNkNDYyOTViZjc3MWIxIn0=", "expire_date": "2020-08-13T09:42:37.767Z"}}, {"model": "sessions.session", "pk": "d2loidin3rzd9fj0qspg11lrz8hs45wz", "fields": {"session_data": "NjY4Yzc3ZGNmMjc1NjJkNmMxNmM3M2Q1ZTE4ZGUwNWI3YjQ1ZjVlYjp7Il9hdXRoX3VzZXJfaWQiOiIxIiwiX2F1dGhfdXNlcl9iYWNrZW5kIjoiZGphbmdvLmNvbnRyaWIuYXV0aC5iYWNrZW5kcy5Nb2RlbEJhY2tlbmQiLCJfYXV0aF91c2VyX2hhc2giOiIwNGY0NTQ1MzMwMzVlZGM5NmUwYjU4Y2UxNWNkNDYyOTViZjc3MWIxIn0=", "expire_date": "2020-08-12T18:14:29.799Z"}}, {"model": "sessions.session", "pk": "g1kmq6kcperwlg82grq9bd8n9kny8i89", "fields": {"session_data": "NTJhYzNhZDQ2OGY2MDQxYjM3OTkyNTM4MzFkMjU4MjQxMjhhMDVlNjp7Il9hdXRoX3VzZXJfaWQiOiIyIiwiX2F1dGhfdXNlcl9iYWNrZW5kIjoiZGphbmdvLmNvbnRyaWIuYXV0aC5iYWNrZW5kcy5Nb2RlbEJhY2tlbmQiLCJfYXV0aF91c2VyX2hhc2giOiI1ZWViMjI3YjZmODUxNTU0MjJhYzQ1YmI5ZWYzMDI2ZjM3ODIxODk5In0=", "expire_date": "2020-08-16T15:00:00.157Z"}}, {"model": "sessions.session", "pk": "ixid480zh0jgnbdqh82f40t9nyd487zj", "fields": {"session_data": "NjY4Yzc3ZGNmMjc1NjJkNmMxNmM3M2Q1ZTE4ZGUwNWI3YjQ1ZjVlYjp7Il9hdXRoX3VzZXJfaWQiOiIxIiwiX2F1dGhfdXNlcl9iYWNrZW5kIjoiZGphbmdvLmNvbnRyaWIuYXV0aC5iYWNrZW5kcy5Nb2RlbEJhY2tlbmQiLCJfYXV0aF91c2VyX2hhc2giOiIwNGY0NTQ1MzMwMzVlZGM5NmUwYjU4Y2UxNWNkNDYyOTViZjc3MWIxIn0=", "expire_date": "2020-08-16T15:05:51.401Z"}}, {"model": "sessions.session", "pk": "iz5e27b20racqvjua51e741z7l3r6rru", "fields": {"session_data": "OWVlYWU2ZTEzMGI0MTQwNGM3YmRiZTgxODM3M2VmMjZhOWM2ODYzNzp7Il9hdXRoX3VzZXJfaWQiOiIzIiwiX2F1dGhfdXNlcl9iYWNrZW5kIjoiZGphbmdvLmNvbnRyaWIuYXV0aC5iYWNrZW5kcy5Nb2RlbEJhY2tlbmQiLCJfYXV0aF91c2VyX2hhc2giOiIxMTYwOWFkNTQzOWMyNTQyZDlmZDk0N2VlNDFkYWJhNDQxODVkY2Q2In0=", "expire_date": "2020-08-12T11:28:19.958Z"}}, {"model": "sessions.session", "pk": "oy1kkg7r5n478ktnqv02hhnkf0eo3mb7", "fields": {"session_data": "NTJhYzNhZDQ2OGY2MDQxYjM3OTkyNTM4MzFkMjU4MjQxMjhhMDVlNjp7Il9hdXRoX3VzZXJfaWQiOiIyIiwiX2F1dGhfdXNlcl9iYWNrZW5kIjoiZGphbmdvLmNvbnRyaWIuYXV0aC5iYWNrZW5kcy5Nb2RlbEJhY2tlbmQiLCJfYXV0aF91c2VyX2hhc2giOiI1ZWViMjI3YjZmODUxNTU0MjJhYzQ1YmI5ZWYzMDI2ZjM3ODIxODk5In0=", "expire_date": "2020-08-15T17:54:55.022Z"}}, {"model": "sessions.session", "pk": "w54utrtsraljcrv7cgmzqvxi1ol8eorl", "fields": {"session_data": "NjY4Yzc3ZGNmMjc1NjJkNmMxNmM3M2Q1ZTE4ZGUwNWI3YjQ1ZjVlYjp7Il9hdXRoX3VzZXJfaWQiOiIxIiwiX2F1dGhfdXNlcl9iYWNrZW5kIjoiZGphbmdvLmNvbnRyaWIuYXV0aC5iYWNrZW5kcy5Nb2RlbEJhY2tlbmQiLCJfYXV0aF91c2VyX2hhc2giOiIwNGY0NTQ1MzMwMzVlZGM5NmUwYjU4Y2UxNWNkNDYyOTViZjc3MWIxIn0=", "expire_date": "2020-08-16T06:47:58.382Z"}}, {"model": "sessions.session", "pk": "zmtv0xic61h1c0vi1xhfz7kuglvwdueu", "fields": {"session_data": "NTJhYzNhZDQ2OGY2MDQxYjM3OTkyNTM4MzFkMjU4MjQxMjhhMDVlNjp7Il9hdXRoX3VzZXJfaWQiOiIyIiwiX2F1dGhfdXNlcl9iYWNrZW5kIjoiZGphbmdvLmNvbnRyaWIuYXV0aC5iYWNrZW5kcy5Nb2RlbEJhY2tlbmQiLCJfYXV0aF91c2VyX2hhc2giOiI1ZWViMjI3YjZmODUxNTU0MjJhYzQ1YmI5ZWYzMDI2ZjM3ODIxODk5In0=", "expire_date": "2020-08-16T15:26:59.052Z"}}, {"model": "auth.permission", "pk": 1, "fields": {"name": "Can add log entry", "content_type": 1, "codename": "add_logentry"}}, {"model": "auth.permission", "pk": 2, "fields": {"name": "Can change log entry", "content_type": 1, "codename": "change_logentry"}}, {"model": "auth.permission", "pk": 3, "fields": {"name": "Can delete log entry", "content_type": 1, "codename": "delete_logentry"}}, {"model": "auth.permission", "pk": 4, "fields": {"name": "Can view log entry", "content_type": 1, "codename": "view_logentry"}}, {"model": "auth.permission", "pk": 5, "fields": {"name": "Can add permission", "content_type": 2, "codename": "add_permission"}}, {"model": "auth.permission", "pk": 6, "fields": {"name": "Can change permission", "content_type": 2, "codename": "change_permission"}}, {"model": "auth.permission", "pk": 7, "fields": {"name": "Can delete permission", "content_type": 2, "codename": "delete_permission"}}, {"model": "auth.permission", "pk": 8, "fields": {"name": "Can view permission", "content_type": 2, "codename": "view_permission"}}, {"model": "auth.permission", "pk": 9, "fields": {"name": "Can add group", "content_type": 3, "codename": "add_group"}}, {"model": "auth.permission", "pk": 10, "fields": {"name": "Can change group", "content_type": 3, "codename": "change_group"}}, {"model": "auth.permission", "pk": 11, "fields": {"name": "Can delete group", "content_type": 3, "codename": "delete_group"}}, {"model": "auth.permission", "pk": 12, "fields": {"name": "Can view group", "content_type": 3, "codename": "view_group"}}, {"model": "auth.permission", "pk": 13, "fields": {"name": "Can add content type", "content_type": 4, "codename": "add_contenttype"}}, {"model": "auth.permission", "pk": 14, "fields": {"name": "Can change content type", "content_type": 4, "codename": "change_contenttype"}}, {"model": "auth.permission", "pk": 15, "fields": {"name": "Can delete content type", "content_type": 4, "codename": "delete_contenttype"}}, {"model": "auth.permission", "pk": 16, "fields": {"name": "Can view content type", "content_type": 4, "codename": "view_contenttype"}}, {"model": "auth.permission", "pk": 17, "fields": {"name": "Can add session", "content_type": 5, "codename": "add_session"}}, {"model": "auth.permission", "pk": 18, "fields": {"name": "Can change session", "content_type": 5, "codename": "change_session"}}, {"model": "auth.permission", "pk": 19, "fields": {"name": "Can delete session", "content_type": 5, "codename": "delete_session"}}, {"model": "auth.permission", "pk": 20, "fields": {"name": "Can view session", "content_type": 5, "codename": "view_session"}}, {"model": "auth.permission", "pk": 21, "fields": {"name": "Can add category", "content_type": 6, "codename": "add_category"}}, {"model": "auth.permission", "pk": 22, "fields": {"name": "Can change category", "content_type": 6, "codename": "change_category"}}, {"model": "auth.permission", "pk": 23, "fields": {"name": "Can delete category", "content_type": 6, "codename": "delete_category"}}, {"model": "auth.permission", "pk": 24, "fields": {"name": "Can view category", "content_type": 6, "codename": "view_category"}}, {"model": "auth.permission", "pk": 25, "fields": {"name": "Can add user", "content_type": 7, "codename": "add_user"}}, {"model": "auth.permission", "pk": 26, "fields": {"name": "Can change user", "content_type": 7, "codename": "change_user"}}, {"model": "auth.permission", "pk": 27, "fields": {"name": "Can delete user", "content_type": 7, "codename": "delete_user"}}, {"model": "auth.permission", "pk": 28, "fields": {"name": "Can view user", "content_type": 7, "codename": "view_user"}}, {"model": "auth.permission", "pk": 29, "fields": {"name": "Can add friend request", "content_type": 8, "codename": "add_friendrequest"}}, {"model": "auth.permission", "pk": 30, "fields": {"name": "Can change friend request", "content_type": 8, "codename": "change_friendrequest"}}, {"model": "auth.permission", "pk": 31, "fields": {"name": "Can delete friend request", "content_type": 8, "codename": "delete_friendrequest"}}, {"model": "auth.permission", "pk": 32, "fields": {"name": "Can view friend request", "content_type": 8, "codename": "view_friendrequest"}}, {"model": "auth.permission", "pk": 33, "fields": {"name": "Can add comment", "content_type": 9, "codename": "add_comment"}}, {"model": "auth.permission", "pk": 34, "fields": {"name": "Can change comment", "content_type": 9, "codename": "change_comment"}}, {"model": "auth.permission", "pk": 35, "fields": {"name": "Can delete comment", "content_type": 9, "codename": "delete_comment"}}, {"model": "auth.permission", "pk": 36, "fields": {"name": "Can view comment", "content_type": 9, "codename": "view_comment"}}, {"model": "auth.permission", "pk": 37, "fields": {"name": "Can add reply", "content_type": 10, "codename": "add_reply"}}, {"model": "auth.permission", "pk": 38, "fields": {"name": "Can change reply", "content_type": 10, "codename": "change_reply"}}, {"model": "auth.permission", "pk": 39, "fields": {"name": "Can delete reply", "content_type": 10, "codename": "delete_reply"}}, {"model": "auth.permission", "pk": 40, "fields": {"name": "Can view reply", "content_type": 10, "codename": "view_reply"}}, {"model": "auth.permission", "pk": 41, "fields": {"name": "Can add chat box", "content_type": 11, "codename": "add_chatbox"}}, {"model": "auth.permission", "pk": 42, "fields": {"name": "Can change chat box", "content_type": 11, "codename": "change_chatbox"}}, {"model": "auth.permission", "pk": 43, "fields": {"name": "Can delete chat box", "content_type": 11, "codename": "delete_chatbox"}}, {"model": "auth.permission", "pk": 44, "fields": {"name": "Can view chat box", "content_type": 11, "codename": "view_chatbox"}}, {"model": "auth.permission", "pk": 45, "fields": {"name": "Can add chat group", "content_type": 12, "codename": "add_chatgroup"}}, {"model": "auth.permission", "pk": 46, "fields": {"name": "Can change chat group", "content_type": 12, "codename": "change_chatgroup"}}, {"model": "auth.permission", "pk": 47, "fields": {"name": "Can delete chat group", "content_type": 12, "codename": "delete_chatgroup"}}, {"model": "auth.permission", "pk": 48, "fields": {"name": "Can view chat group", "content_type": 12, "codename": "view_chatgroup"}}, {"model": "auth.permission", "pk": 49, "fields": {"name": "Can add group message", "content_type": 13, "codename": "add_groupmessage"}}, {"model": "auth.permission", "pk": 50, "fields": {"name": "Can change group message", "content_type": 13, "codename": "change_groupmessage"}}, {"model": "auth.permission", "pk": 51, "fields": {"name": "Can delete group message", "content_type": 13, "codename": "delete_groupmessage"}}, {"model": "auth.permission", "pk": 52, "fields": {"name": "Can view group message", "content_type": 13, "codename": "view_groupmessage"}}, {"model": "auth.permission", "pk": 53, "fields": {"name": "Can add group request", "content_type": 14, "codename": "add_grouprequest"}}, {"model": "auth.permission", "pk": 54, "fields": {"name": "Can change group request", "content_type": 14, "codename": "change_grouprequest"}}, {"model": "auth.permission", "pk": 55, "fields": {"name": "Can delete group request", "content_type": 14, "codename": "delete_grouprequest"}}, {"model": "auth.permission", "pk": 56, "fields": {"name": "Can view group request", "content_type": 14, "codename": "view_grouprequest"}}, {"model": "auth.permission", "pk": 57, "fields": {"name": "Can add message", "content_type": 15, "codename": "add_message"}}, {"model": "auth.permission", "pk": 58, "fields": {"name": "Can change message", "content_type": 15, "codename": "change_message"}}, {"model": "auth.permission", "pk": 59, "fields": {"name": "Can delete message", "content_type": 15, "codename": "delete_message"}}, {"model": "auth.permission", "pk": 60, "fields": {"name": "Can view message", "content_type": 15, "codename": "view_message"}}, {"model": "auth.permission", "pk": 61, "fields": {"name": "Can add todo", "content_type": 16, "codename": "add_todo"}}, {"model": "auth.permission", "pk": 62, "fields": {"name": "Can change todo", "content_type": 16, "codename": "change_todo"}}, {"model": "auth.permission", "pk": 63, "fields": {"name": "Can delete todo", "content_type": 16, "codename": "delete_todo"}}, {"model": "auth.permission", "pk": 64, "fields": {"name": "Can view todo", "content_type": 16, "codename": "view_todo"}}, {"model": "auth.permission", "pk": 65, "fields": {"name": "Can add feedback", "content_type": 17, "codename": "add_feedback"}}, {"model": "auth.permission", "pk": 66, "fields": {"name": "Can change feedback", "content_type": 17, "codename": "change_feedback"}}, {"model": "auth.permission", "pk": 67, "fields": {"name": "Can delete feedback", "content_type": 17, "codename": "delete_feedback"}}, {"model": "auth.permission", "pk": 68, "fields": {"name": "Can view feedback", "content_type": 17, "codename": "view_feedback"}}, {"model": "userpage.user", "pk": 1, "fields": {"password": "pbkdf2_sha256$180000$gdFpKOA8bMwa$VFH5Mq3aXjrXf2zpm0JsQPKoKpn9R2zMI5NI74mdfLA=", "last_login": "2020-08-03T07:30:01.911Z", "is_superuser": true, "username": "Zeyad_Shapan", "first_name": "", "last_name": "", "email": "zeyadshapan2004@gmail.com", "is_staff": true, "is_active": true, "date_joined": "2020-07-29T11:05:57Z", "bio": "I love this website!", "avatar": "profile_images/favion.png", "show_email": true, "who_see_avatar": "everyone", "groups": [], "user_permissions": [], "friends": [2], "followers": []}}, {"model": "userpage.user", "pk": 2, "fields": {"password": "pbkdf2_sha256$180000$XxXKVgD6yzjz$p36Ps31sOzQuvW6thven0eok/70UXxxc1xl0ATK1EyA=", "last_login": "2020-08-02T15:26:59.049Z", "is_superuser": false, "username": "merna", "first_name": "", "last_name": "", "email": "", "is_staff": false, "is_active": true, "date_joined": "2020-07-29T11:06:09.584Z", "bio": "I love this website!", "avatar": "profile_images/DefaultUserImage.jpg", "show_email": false, "who_see_avatar": "friends", "groups": [], "user_permissions": [], "friends": [1], "followers": []}}, {"model": "userpage.user", "pk": 3, "fields": {"password": "pbkdf2_sha256$180000$HYrt1lNy7I03$e1PaTPctT4pbZjha74S9McvLxsYRm/McIosCTZwApKY=", "last_login": "2020-07-29T11:28:19.955Z", "is_superuser": false, "username": "adam", "first_name": "", "last_name": "", "email": "", "is_staff": false, "is_active": true, "date_joined": "2020-07-29T11:28:19.748Z", "bio": "I love this website!", "avatar": "profile_images/DefaultUserImage.jpg", "show_email": false, "who_see_avatar": "friends", "groups": [], "user_permissions": [], "friends": [], "followers": []}}, {"model": "people.friendrequest", "pk": 1, "fields": {"date": "2020-08-02T13:10:26.485Z", "from_user": 1, "to_user": 3}}, {"model": "people.friendrequest", "pk": 4, "fields": {"date": "2020-08-02T14:48:55.109Z", "from_user": 1, "to_user": 3}}, {"model": "people.friendrequest", "pk": 6, "fields": {"date": "2020-08-02T14:48:55.139Z", "from_user": 1, "to_user": 3}}, {"model": "people.friendrequest", "pk": 8, "fields": {"date": "2020-08-02T14:49:02.185Z", "from_user": 1, "to_user": 3}}, {"model": "people.friendrequest", "pk": 9, "fields": {"date": "2020-08-02T14:49:02.371Z", "from_user": 1, "to_user": 3}}, {"model": "people.friendrequest", "pk": 11, "fields": {"date": "2020-08-02T14:49:07.180Z", "from_user": 1, "to_user": 3}}, {"model": "people.friendrequest", "pk": 13, "fields": {"date": "2020-08-02T14:50:10.522Z", "from_user": 1, "to_user": 3}}, {"model": "people.friendrequest", "pk": 15, "fields": {"date": "2020-08-02T14:50:17.181Z", "from_user": 1, "to_user": 3}}, {"model": "people.friendrequest", "pk": 17, "fields": {"date": "2020-08-02T14:51:33.386Z", "from_user": 1, "to_user": 3}}, {"model": "people.friendrequest", "pk": 19, "fields": {"date": "2020-08-02T14:51:46.636Z", "from_user": 1, "to_user": 3}}, {"model": "people.friendrequest", "pk": 21, "fields": {"date": "2020-08-02T14:52:36.957Z", "from_user": 1, "to_user": 3}}, {"model": "people.friendrequest", "pk": 23, "fields": {"date": "2020-08-02T14:54:40.914Z", "from_user": 1, "to_user": 3}}, {"model": "people.friendrequest", "pk": 26, "fields": {"date": "2020-08-02T14:54:41.954Z", "from_user": 1, "to_user": 3}}, {"model": "people.friendrequest", "pk": 27, "fields": {"date": "2020-08-02T14:54:45.297Z", "from_user": 1, "to_user": 3}}, {"model": "people.friendrequest", "pk": 30, "fields": {"date": "2020-08-02T14:55:10.172Z", "from_user": 1, "to_user": 3}}, {"model": "people.friendrequest", "pk": 31, "fields": {"date": "2020-08-02T14:57:37.665Z", "from_user": 1, "to_user": 3}}, {"model": "people.friendrequest", "pk": 35, "fields": {"date": "2020-08-02T15:03:52.895Z", "from_user": 1, "to_user": 2}}, {"model": "people.friendrequest", "pk": 36, "fields": {"date": "2020-08-02T15:03:54.304Z", "from_user": 1, "to_user": 2}}, {"model": "people.friendrequest", "pk": 37, "fields": {"date": "2020-08-02T15:07:26.664Z", "from_user": 1, "to_user": 2}}, {"model": "people.friendrequest", "pk": 38, "fields": {"date": "2020-08-02T15:07:27.901Z", "from_user": 1, "to_user": 2}}, {"model": "people.friendrequest", "pk": 39, "fields": {"date": "2020-08-02T15:07:49.845Z", "from_user": 1, "to_user": 2}}, {"model": "people.friendrequest", "pk": 40, "fields": {"date": "2020-08-02T15:07:50.990Z", "from_user": 1, "to_user": 2}}, {"model": "people.friendrequest", "pk": 41, "fields": {"date": "2020-08-02T15:08:24.051Z", "from_user": 1, "to_user": 2}}, {"model": "people.friendrequest", "pk": 42, "fields": {"date": "2020-08-02T15:08:27.892Z", "from_user": 1, "to_user": 2}}, {"model": "people.friendrequest", "pk": 43, "fields": {"date": "2020-08-02T15:10:15.582Z", "from_user": 1, "to_user": 2}}, {"model": "people.friendrequest", "pk": 44, "fields": {"date": "2020-08-02T15:10:36.466Z", "from_user": 1, "to_user": 2}}, {"model": "people.friendrequest", "pk": 45, "fields": {"date": "2020-08-02T15:10:37.782Z", "from_user": 1, "to_user": 2}}, {"model": "people.friendrequest", "pk": 46, "fields": {"date": "2020-08-02T15:14:50.347Z", "from_user": 1, "to_user": 2}}, {"model": "people.friendrequest", "pk": 47, "fields": {"date": "2020-08-02T15:19:25.200Z", "from_user": 1, "to_user": 2}}, {"model": "people.friendrequest", "pk": 48, "fields": {"date": "2020-08-02T15:20:10.150Z", "from_user": 1, "to_user": 2}}, {"model": "people.friendrequest", "pk": 49, "fields": {"date": "2020-08-02T15:20:18.501Z", "from_user": 1, "to_user": 2}}, {"model": "people.friendrequest", "pk": 50, "fields": {"date": "2020-08-02T15:20:20.022Z", "from_user": 1, "to_user": 3}}, {"model": "people.friendrequest", "pk": 51, "fields": {"date": "2020-08-02T15:21:59.379Z", "from_user": 1, "to_user": 3}}, {"model": "people.friendrequest", "pk": 52, "fields": {"date": "2020-08-02T15:22:01.371Z", "from_user": 1, "to_user": 2}}, {"model": "comments.comment", "pk": 5, "fields": {"title": null, "description": "Like test", "user": 1, "comment_date": "2020-08-01T17:33:03.019Z", "category": null, "likes": [1], "dislikes": [2]}}, {"model": "comments.comment", "pk": 6, "fields": {"title": "something else", "description": "yayaya", "user": 1, "comment_date": "2020-08-03T09:09:41.949Z", "category": null, "likes": [1], "dislikes": []}}, {"model": "comments.comment", "pk": 7, "fields": {"title": "this is very stupid", "description": "i need ajax here!", "user": 1, "comment_date": "2020-08-03T09:09:52.566Z", "category": null, "likes": [1], "dislikes": []}}, {"model": "comments.reply", "pk": 1, "fields": {"description": "something", "comment": 5, "reply_date": "2020-08-01T17:56:27.348Z", "user": 1, "likes": [], "dislikes": [1]}}, {"model": "social.chatbox", "pk": 1, "fields": {"user_1": 1, "user_2": 2, "created_date": "2020-08-02T15:26:43.740Z"}}, {"model": "social.message", "pk": 1, "fields": {"chat_box": 1, "message_sender": 1, "sent_date": "2020-08-02T15:26:47.741Z", "message": "dfsgdfsg"}}, {"model": "social.message", "pk": 2, "fields": {"chat_box": 1, "message_sender": 2, "sent_date": "2020-08-02T15:27:13.709Z", "message": "sdafsadf"}}, {"model": "social.message", "pk": 3, "fields": {"chat_box": 1, "message_sender": 1, "sent_date": "2020-08-02T15:27:25.527Z", "message": "sadfsdafdsa"}}, {"model": "social.chatgroup", "pk": 1, "fields": {"title": "Friends Hall", "description": "here are all of our friends :-)", "image": "categories_images/FocusTimeMedia.png", "is_public": false, "created_date": "2020-07-29T11:06:55.407Z", "author": 1, "group_admins": [], "members": [1, 2, 3]}}, {"model": "social.groupmessage", "pk": 1, "fields": {"group": 1, "message_sender": 2, "sent_date": "2020-07-29T11:23:59.056Z", "message": "Hi IAM MERNA!"}}, {"model": "social.groupmessage", "pk": 2, "fields": {"group": 1, "message_sender": 1, "sent_date": "2020-07-29T11:24:19.164Z", "message": "Hi Merna!"}}, {"model": "social.groupmessage", "pk": 3, "fields": {"group": 1, "message_sender": 1, "sent_date": "2020-07-29T11:24:26.740Z", "message": "I will invite adam now"}}, {"model": "social.groupmessage", "pk": 4, "fields": {"group": 1, "message_sender": 1, "sent_date": "2020-07-29T11:24:38.643Z", "message": "oh no adam"}}, {"model": "social.groupmessage", "pk": 5, "fields": {"group": 1, "message_sender": 3, "sent_date": "2020-07-29T11:30:22.770Z", "message": "H H Hi?"}}, {"model": "production.feedback", "pk": 1, "fields": {"review": "Something", "created_date": "2020-08-01T06:26:34.193Z", "stars": null, "user": 1}}, {"model": "production.feedback", "pk": 2, "fields": {"review": "Newer feedback", "created_date": "2020-08-01T06:38:09.709Z", "stars": null, "user": 1}}, {"model": "production.feedback", "pk": 3, "fields": {"review": "Newest feedback with stars", "created_date": "2020-08-01T06:41:34.751Z", "stars": "3", "user": 1}}, {"model": "production.feedback", "pk": 4, "fields": {"review": "The new very very very long Review\r\n\r\n\r\nLorem ipsum dolor sit amet, consectetur adipiscing elit. Donec ac arcu odio. Praesent molestie vehicula ante, quis aliquam lectus rhoncus eget. Aenean odio eros, finibus non finibus quis, rhoncus in ex. Suspendisse vel volutpat elit. Aliquam ut ante egestas, pretium magna ut, dapibus diam. Integer vitae lacinia quam, et cursus dolor. Vivamus porta est at pulvinar dignissim. In euismod, massa quis luctus consequat, ante est sollicitudin lacus, nec accumsan nisl purus et lacus. Morbi tempor augue vitae dui tincidunt aliquam. Quisque a felis id nisi semper posuere in et mauris.\r\n\r\nMaecenas rutrum nulla eget efficitur rutrum. Sed convallis elit ut lacus iaculis, sed suscipit neque sollicitudin. Pellentesque at odio consectetur, ullamcorper ligula laoreet, pharetra justo. Nam id quam felis. Aliquam in pellentesque turpis. Donec nec fringilla orci. Nam accumsan maximus mi. Duis eget justo nec enim ultricies laoreet. Duis congue vitae ligula ac iaculis. Proin eu efficitur quam. Etiam dapibus faucibus volutpat.\r\n\r\nDonec pulvinar efficitur purus. Praesent tempus interdum laoreet. Nullam eu pharetra est. Donec vulputate, leo in commodo tincidunt, ante nulla dignissim ex, ac vulputate nulla urna vitae felis. Suspendisse id massa eu tortor pellentesque interdum eget ac augue. Donec egestas quis ligula et vestibulum. Duis sit amet congue libero. Maecenas vitae ante nulla. Donec cursus nibh ac sapien vehicula, sit amet vulputate augue congue. Suspendisse eget cursus enim, id vulputate lacus. Aenean metus risus, sodales in tellus ac, vulputate gravida velit.\r\n\r\nAliquam rhoncus augue eget ante ultricies fringilla. Suspendisse potenti. Sed turpis magna, sagittis semper ornare a, consequat ac ex. Morbi at dictum nulla. Curabitur lorem mauris, feugiat et ultrices sed, porta sit amet eros. Phasellus elit risus, efficitur vel urna vitae, euismod pellentesque justo. Nunc bibendum facilisis ligula. Vestibulum consectetur, justo sit amet sodales vehicula, nunc sapien dictum purus, et imperdiet elit ligula id turpis. Nam aliquet consequat commodo. Donec iaculis quis arcu in bibendum. Quisque quis velit ac dolor dignissim suscipit. Phasellus mattis massa ac justo consectetur, ut eleifend lectus euismod. Donec vel rhoncus tellus. Suspendisse eu leo eget dolor auctor pellentesque. Mauris eget maximus tortor.\r\n\r\nNullam accumsan at est in suscipit. Sed rutrum purus eget porttitor luctus. Suspendisse aliquet sagittis euismod. Vestibulum tellus nisi, mollis quis odio id, elementum lobortis augue. Fusce faucibus lacus a massa efficitur dictum. Nulla blandit enim ut elementum dictum. Donec sit amet consequat augue. Vivamus consequat dui iaculis bibendum venenatis. Morbi nisi lacus, dapibus ac blandit et, lacinia sit amet arcu. Aenean in leo at neque porta vulputate. Vivamus ac nisl nulla.\r\n\r\nAliquam sit amet molestie mauris. Donec ut tellus id eros posuere pulvinar. Etiam sodales rhoncus ante at blandit. Quisque ipsum velit, finibus ut purus vel, porttitor commodo quam. Vestibulum consectetur ac purus ut porta. Ut volutpat fermentum lacinia. Donec a sem ligula. Proin vehicula mi volutpat, efficitur nunc sit amet, lobortis diam. Nam a magna metus.\r\n\r\nDonec ipsum velit, sagittis nec fermentum eget, facilisis sit amet nibh. Curabitur in dictum ante. Suspendisse potenti. Donec at neque sapien. In vitae velit condimentum, finibus lacus sit amet, pellentesque quam. Aenean a ligula nunc. In viverra ut magna eu ullamcorper. Praesent vitae nulla dolor. Quisque viverra congue magna ac sollicitudin. Maecenas vehicula arcu non eleifend iaculis. Morbi eget lacus vitae dui mattis hendrerit et sed neque. In non ultrices ante.\r\n\r\nVivamus sit amet lacus ac erat finibus iaculis. Vivamus a euismod velit. Nam tortor odio, ornare id lacus a, ultrices gravida dolor. Suspendisse sed molestie lectus, eu eleifend augue. Proin mi dui, elementum in libero sit amet, consequat tristique lacus. Curabitur feugiat non elit dignissim ornare. Duis vel hendrerit neque. Sed luctus tristique dolor finibus posuere. Aliquam hendrerit enim eget placerat lacinia. Cras sollicitudin ornare lorem hendrerit gravida. Duis tempus aliquam nisl eu sodales. Suspendisse tempus mattis diam, eget porttitor elit suscipit eu. Cras non elementum est.\r\n\r\nFusce non hendrerit justo. Mauris consequat justo quis metus volutpat maximus. Morbi vitae nisl viverra ligula viverra vulputate. Integer non fermentum lorem. Donec non vulputate libero. In mollis nisl purus, vitae gravida mauris dictum id. Nulla turpis dolor, bibendum sit amet lacus nec, luctus porttitor mauris. Suspendisse potenti. Nam fermentum lobortis elementum. Integer diam eros, lacinia ac purus sed, tincidunt blandit sapien. Integer eu augue urna. Orci varius natoque penatibus et magnis dis parturient montes, nascetur ridiculus mus. Nullam tempus ac erat a varius. Maecenas quis tristique lorem, ut consectetur justo. Nunc sit amet finibus odio, in pellentesque turpis. Etiam nec quam pretium, sollicitudin diam sit amet, maximus lacus.\r\n\r\nInterdum et malesuada fames ac ante ipsum primis in faucibus. Ut risus metus, interdum a tempor vehicula, pharetra id augue. Nam sed rhoncus erat. Donec a leo magna. Vivamus augue ex, sollicitudin eu ultricies vitae, ullamcorper ac lorem. Aenean ac est ut massa ornare vehicula at eu lectus. Fusce orci ipsum, vestibulum sit amet feugiat fringilla, rutrum nec enim. In congue odio eget ullamcorper dictum. Aliquam et molestie nulla. Etiam malesuada ut velit ac interdum. Etiam in porttitor lorem. Donec in mattis lectus. Sed commodo quam odio, quis gravida nulla interdum eu. Cras malesuada consectetur dolor, a finibus augue posuere eu. Nam venenatis finibus mi, vel dignissim justo viverra venenatis.\r\n\r\nPhasellus pulvinar a justo eu pulvinar. In pellentesque dictum sapien, a placerat erat maximus sit amet. Vivamus tincidunt turpis ipsum, ut laoreet libero venenatis sed. Fusce quis sollicitudin nisi. Aliquam ut accumsan lorem. Donec cursus elit placerat, porta ex vel, elementum justo. Phasellus bibendum ipsum eget quam lacinia, sed ultricies mauris tempor. Nam at hendrerit ex. Nunc molestie diam ut massa viverra, ac porta justo pellentesque. Integer gravida leo erat, nec tristique tellus rutrum eget. Aliquam erat volutpat.\r\n\r\nUt tincidunt ligula sit amet quam pharetra maximus. Suspendisse auctor nibh in consequat rhoncus. Praesent pharetra rhoncus euismod. Ut consequat cursus magna a pharetra. Sed justo tortor, feugiat ac consequat a, iaculis sit amet nulla. Nullam faucibus at diam quis lobortis. Vestibulum quam nisi, iaculis eget dapibus nec, fringilla a nulla. Vivamus ullamcorper ornare odio, et rhoncus diam auctor eget. Quisque odio lacus, volutpat ut pellentesque blandit, mattis ac turpis. Donec id nisl ac nisl porttitor pulvinar.", "created_date": "2020-08-01T09:37:24.776Z", "stars": "3", "user": 1}}, {"model": "admin.logentry", "pk": 1, "fields": {"action_time": "2020-07-29T11:12:54.783Z", "user": 1, "content_type": 14, "object_id": "1", "object_repr": "Zeyad_Shapan To Zeyad_Shapan", "action_flag": 3, "change_message": ""}}, {"model": "admin.logentry", "pk": 2, "fields": {"action_time": "2020-07-29T13:35:27.720Z", "user": 1, "content_type": 16, "object_id": "1", "object_repr": "Todo object (1)", "action_flag": 1, "change_message": "[{\"added\": {}}]"}}, {"model": "admin.logentry", "pk": 3, "fields": {"action_time": "2020-07-29T13:36:40.505Z", "user": 1, "content_type": 16, "object_id": "2", "object_repr": "Merna Todo", "action_flag": 1, "change_message": "[{\"added\": {}}]"}}, {"model": "admin.logentry", "pk": 4, "fields": {"action_time": "2020-07-30T09:31:28.926Z", "user": 1, "content_type": 16, "object_id": "2", "object_repr": "Merna Todo", "action_flag": 3, "change_message": ""}}, {"model": "admin.logentry", "pk": 5, "fields": {"action_time": "2020-07-30T09:31:28.929Z", "user": 1, "content_type": 16, "object_id": "1", "object_repr": "Zeyad Todo", "action_flag": 3, "change_message": ""}}, {"model": "admin.logentry", "pk": 6, "fields": {"action_time": "2020-07-30T09:42:37.757Z", "user": 1, "content_type": 7, "object_id": "2", "object_repr": "merna", "action_flag": 2, "change_message": "[{\"changed\": {\"fields\": [\"password\"]}}]"}}, {"model": "admin.logentry", "pk": 7, "fields": {"action_time": "2020-07-30T12:49:36.467Z", "user": 1, "content_type": 16, "object_id": "12", "object_repr": "sdfs", "action_flag": 3, "change_message": ""}}, {"model": "admin.logentry", "pk": 8, "fields": {"action_time": "2020-07-30T12:49:36.469Z", "user": 1, "content_type": 16, "object_id": "11", "object_repr": "sdfs", "action_flag": 3, "change_message": ""}}, {"model": "admin.logentry", "pk": 9, "fields": {"action_time": "2020-07-30T12:49:36.471Z", "user": 1, "content_type": 16, "object_id": "10", "object_repr": "This is a brand new todo", "action_flag": 3, "change_message": ""}}, {"model": "admin.logentry", "pk": 10, "fields": {"action_time": "2020-07-30T12:49:36.474Z", "user": 1, "content_type": 16, "object_id": "9", "object_repr": "This is a brand new todo", "action_flag": 3, "change_message": ""}}, {"model": "admin.logentry", "pk": 11, "fields": {"action_time": "2020-07-30T12:49:36.476Z", "user": 1, "content_type": 16, "object_id": "8", "object_repr": "This is a brand new todo", "action_flag": 3, "change_message": ""}}, {"model": "admin.logentry", "pk": 12, "fields": {"action_time": "2020-07-30T12:49:36.479Z", "user": 1, "content_type": 16, "object_id": "7", "object_repr": "This is a brand new todo", "action_flag": 3, "change_message": ""}}, {"model": "admin.logentry", "pk": 13, "fields": {"action_time": "2020-07-30T12:49:36.481Z", "user": 1, "content_type": 16, "object_id": "6", "object_repr": "This is a brand new todo", "action_flag": 3, "change_message": ""}}, {"model": "admin.logentry", "pk": 14, "fields": {"action_time": "2020-07-30T12:49:36.483Z", "user": 1, "content_type": 16, "object_id": "5", "object_repr": "This is a brand new todo", "action_flag": 3, "change_message": ""}}, {"model": "admin.logentry", "pk": 15, "fields": {"action_time": "2020-07-30T12:49:36.486Z", "user": 1, "content_type": 16, "object_id": "4", "object_repr": "Zeyad", "action_flag": 3, "change_message": ""}}, {"model": "admin.logentry", "pk": 16, "fields": {"action_time": "2020-07-30T12:49:36.489Z", "user": 1, "content_type": 16, "object_id": "3", "object_repr": "Learn Django from Nick walter", "action_flag": 3, "change_message": ""}}, {"model": "admin.logentry", "pk": 17, "fields": {"action_time": "2020-08-01T17:32:55.766Z", "user": 1, "content_type": 9, "object_id": "4", "object_repr": "comment by user: Zeyad_Shapan", "action_flag": 3, "change_message": ""}}, {"model": "admin.logentry", "pk": 18, "fields": {"action_time": "2020-08-01T17:32:55.769Z", "user": 1, "content_type": 9, "object_id": "3", "object_repr": "comment by user: Zeyad_Shapan", "action_flag": 3, "change_message": ""}}, {"model": "admin.logentry", "pk": 19, "fields": {"action_time": "2020-08-01T17:32:55.771Z", "user": 1, "content_type": 9, "object_id": "2", "object_repr": "comment by user: Zeyad_Shapan", "action_flag": 3, "change_message": ""}}, {"model": "admin.logentry", "pk": 20, "fields": {"action_time": "2020-08-01T17:32:55.774Z", "user": 1, "content_type": 9, "object_id": "1", "object_repr": "comment by user: Zeyad_Shapan", "action_flag": 3, "change_message": ""}}, {"model": "admin.logentry", "pk": 21, "fields": {"action_time": "2020-08-02T14:40:53.856Z", "user": 1, "content_type": 7, "object_id": "1", "object_repr": "Zeyad_Shapan", "action_flag": 2, "change_message": "[{\"changed\": {\"fields\": [\"Email address\"]}}]"}}, {"model": "admin.logentry", "pk": 22, "fields": {"action_time": "2020-08-03T08:17:10.495Z", "user": 1, "content_type": 16, "object_id": "17", "object_repr": "dfsafas", "action_flag": 3, "change_message": ""}}, {"model": "admin.logentry", "pk": 23, "fields": {"action_time": "2020-08-03T08:17:10.498Z", "user": 1, "content_type": 16, "object_id": "16", "object_repr": "dfsafas", "action_flag": 3, "change_message": ""}}, {"model": "admin.logentry", "pk": 24, "fields": {"action_time": "2020-08-03T08:17:10.500Z", "user": 1, "content_type": 16, "object_id": "15", "object_repr": "sdf", "action_flag": 3, "change_message": ""}}, {"model": "admin.logentry", "pk": 25, "fields": {"action_time": "2020-08-03T08:17:10.503Z", "user": 1, "content_type": 16, "object_id": "14", "object_repr": "Something", "action_flag": 3, "change_message": ""}}, {"model": "admin.logentry", "pk": 26, "fields": {"action_time": "2020-08-03T08:17:10.506Z", "user": 1, "content_type": 16, "object_id": "13", "object_repr": "Say Hall World!", "action_flag": 3, "change_message": ""}}, {"model": "admin.logentry", "pk": 27, "fields": {"action_time": "2020-08-03T08:18:28.140Z", "user": 1, "content_type": 16, "object_id": "21", "object_repr": "AJAX IS SUPER COOL! \"TRUE\"", "action_flag": 3, "change_message": ""}}, {"model": "admin.logentry", "pk": 28, "fields": {"action_time": "2020-08-03T08:18:28.143Z", "user": 1, "content_type": 16, "object_id": "20", "object_repr": "AJAX IS SUPER COOL! \"TRUE\"", "action_flag": 3, "change_message": ""}}, {"model": "admin.logentry", "pk": 29, "fields": {"action_time": "2020-08-03T08:18:28.145Z", "user": 1, "content_type": 16, "object_id": "19", "object_repr": "AJAX IS SUPER COOL! \"TRUE\"", "action_flag": 3, "change_message": ""}}, {"model": "admin.logentry", "pk": 30, "fields": {"action_time": "2020-08-03T08:18:28.148Z", "user": 1, "content_type": 16, "object_id": "18", "object_repr": "AJAX IS SUPER COOL! \"TRUE\"", "action_flag": 3, "change_message": ""}}]